First Name,Last Name,Date Of Birth,Identification Number,Address,Phone Number,Password,Checking Account Number,Savings Account Number,Credit Account Number,Checking Updated Balance,Savings Updated Balance,Credit Updated Balance
Daniel,A,"January 16, 1977",79,"500 W. University Ave, El Paso, TX 79968",(915) 747-5042,A*Daniel!987,1078,2078,3078,604.6,3274.37,-1677.07,
Grecia,Navarrete,"March 30, 1952",56,"500 W. University Ave, El Paso, TX 79968",(915) 747-5019,Navarrete*Grecia!987,1055,2055,3055,4904.24,3889.46,-1138.15,
Mufassa,Disney,"January 19, 2000",13,"1313 Disneyland Dr, Anaheim, CA 92802",(714) 781-4636,Disney*Mufassa!987,1012,2012,3012,1669.7,118.41,-1446.65,
Hernan,Garcia,"November 26, 1975",57,"500 W. University Ave, El Paso, TX 79968",(915) 747-5020,Garcia*Hernan!987,1056,2056,3056,5299.44,2288.26,-393.33,
Donald,Duck,"July 12, 2007",2,"1313 Disneyland Dr, Anaheim, CA 92802",(714) 781-4636,Duck*Donald!987,1001,2001,3001,1044.14,4792.4,-1299.94,
Daniel,Mejia,"August 27, 1962",78,"500 W. University Ave, El Paso, TX 79968",(915) 747-5041,Mejia*Daniel!987,1077,2077,3077,39033.97,1773.54,-868.38,
Daniel,B,"April 24, 2003",80,"500 W. University Ave, El Paso, TX 79968",(915) 747-5043,B*Daniel!987,1079,2079,3079,1411.52,1649.01,-814.1,
Peter,Pan,"November 29, 2007",15,"1313 Disneyland Dr, Anaheim, CA 92802",(714) 781-4636,Pan*Peter!987,1014,2014,3014,1977.7,2903.5,-1198.01,
Daniel,Z,"August 31, 1957",103,"500 W. University Ave, El Paso, TX 79968",(915) 747-5066,Z*Daniel!987,1102,2102,3102,442.92,1179.28,-1406.61,
Hercules,Disney,"July 18, 1969",33,"1313 Disneyland Dr, Anaheim, CA 92802",(714) 781-4636,Disney*Hercules!987,1032,2032,3032,1787.7,3281.8,-263.98,
Daniel,J,"August 21, 1970",88,"500 W. University Ave, El Paso, TX 79968",(915) 747-5051,J*Daniel!987,1087,2087,3087,929.4,4538.01,-258.09,
Ursela,Mermaid,"January 9, 1942",19,"1313 Disneyland Dr, Anaheim, CA 92802",(714) 781-4636,Mermaid*Ursela!987,1018,2018,3018,1803.86,3180.9,-538.11,
Daniel,K,"December 4, 1939",89,"500 W. University Ave, El Paso, TX 79968",(915) 747-5052,K*Daniel!987,1088,2088,3088,314.92,1859.88,-843.19,
Manuel,Melendez Lujan,"April 7, 1989",67,"500 W. University Ave, El Paso, TX 79968",(915) 747-5030,Melendez Lujan*Manuel!987,1066,2066,3066,5178.71,380.42,-1218.86,
Eduardo,Garcia,"March 11, 2008",50,"500 W. University Ave, El Paso, TX 79968",(915) 747-5013,Garcia*Eduardo!987,1049,2049,3049,4808.14,228.75,-1529.15,
Aladdin,Disney,"December 24, 1942",11,"1313 Disneyland Dr, Anaheim, CA 92802",(714) 781-4636,Disney*Aladdin!987,1010,2010,3010,1469.57,1620.16,-1674.03,
Captaiin,Hook,"September 28, 1965",27,"1313 Disneyland Dr, Anaheim, CA 92802",(714) 781-4636,Hook*Captaiin!987,1026,2026,3026,384.12,4779.97,-1120.05,
Robert,Evans,"September 21, 2019",72,"500 W. University Ave, El Paso, TX 79968",(915) 747-5035,Evans*Robert!987,1071,2071,3071,4234.42,561.48,-533.05,
Dale,Disney,"July 3, 1959",7,"1313 Disneyland Dr, Anaheim, CA 92802",(714) 781-4636,Disney*Dale!987,1006,2006,3006,593.19,1434.36,-1423.85,
Woody,Disney,"December 21, 1938",16,"1313 Disneyland Dr, Anaheim, CA 92802",(714) 781-4636,Disney*Woody!987,1015,2015,3015,887.7,4099.04,-1509.11,
Kaa,Disney,"April 16, 1995",28,"1313 Disneyland Dr, Anaheim, CA 92802",(714) 781-4636,Disney*Kaa!987,1027,2027,3027,886.66,4714.49,-1224.93,
Daniel,I,"March 29, 2019",87,"500 W. University Ave, El Paso, TX 79968",(915) 747-5050,I*Daniel!987,1086,2086,3086,1914.68,3789.3,-1808.89,
Laurence,Labayen,"March 12, 1928",65,"500 W. University Ave, El Paso, TX 79968",(915) 747-5028,Labayen*Laurence!987,1064,2064,3064,5627.41,1098.51,-282.72,
Evil,Queen,"December 14, 1980",29,"1313 Disneyland Dr, Anaheim, CA 92802",(714) 781-4636,Queen*Evil!987,1028,2028,3028,932.3,2971.67,-1393.71,
Anthony,Jasso,"April 25, 1966",42,"500 W. University Ave, El Paso, TX 79968",(915) 747-5005,Jasso*Anthony!987,1041,2041,3041,4977.8,2407.28,-633.53,
Mauricio,Ornelas-Gutierrez,"December 21, 2007",69,"500 W. University Ave, El Paso, TX 79968",(915) 747-5032,Ornelas-Gutierrez*Mauricio!987,1068,2068,3068,5948.7,283.57,-1581.68,
Cesar,Cabrera,"September 28, 1992",45,"500 W. University Ave, El Paso, TX 79968",(915) 747-5008,Cabrera*Cesar!987,1044,2044,3044,5776.95,4712.84,-822.2,
Lidice,Castro Jimenez,"January 10, 2016",66,"500 W. University Ave, El Paso, TX 79968",(915) 747-5029,Castro Jimenez*Lidice!987,1065,2065,3065,4836.95,4041.9,-1483.2,
Daniel,T,"March 13, 1942",97,"500 W. University Ave, El Paso, TX 79968",(915) 747-5060,T*Daniel!987,1096,2096,3096,1620.38,3486.9,-1480.49,
Minh,Dang,"March 8, 1955",70,"500 W. University Ave, El Paso, TX 79968",(915) 747-5033,Dang*Minh!987,1069,2069,3069,4722.31,1803.11,-1779.05,
Daniel,L,"March 7, 1937",90,"500 W. University Ave, El Paso, TX 79968",(915) 747-5053,L*Daniel!987,1089,2089,3089,412.1,1050.31,-1176.41,
Daniel,S,"February 15, 1948",96,"500 W. University Ave, El Paso, TX 79968",(915) 747-5059,S*Daniel!987,1095,2095,3095,1494.77,2744.16,-738.18,
Khandoker,Rahad,"May 21, 1929",77,"500 W. University Ave, El Paso, TX 79968",(915) 747-5040,Rahad*Khandoker!987,1076,2076,3076,57.92,4231.71,-607.58,
Nathan,Aun,"April 18, 1963",76,"500 W. University Ave, El Paso, TX 79968",(915) 747-5039,Aun*Nathan!987,1075,2075,3075,1.86,1916.87,-782.35,
Aurora,Disney,"January 9, 1952",14,"1313 Disneyland Dr, Anaheim, CA 92802",(714) 781-4636,Disney*Aurora!987,1013,2013,3013,618.25,4549.18,-483.92,
Sofia,Hernandez,"October 18, 1952",74,"500 W. University Ave, El Paso, TX 79968",(915) 747-5037,Hernandez*Sofia!987,1073,2073,3073,4116.84,1751.59,-1916.09,
Alyssandra,Cordero,"October 24, 1977",41,"500 W. University Ave, El Paso, TX 79968",(915) 747-5004,Cordero*Alyssandra!987,1040,2040,3040,5785.24,2250.01,-1398.0,
Daniel,G,"April 6, 1983",85,"500 W. University Ave, El Paso, TX 79968",(915) 747-5048,G*Daniel!987,1084,2084,3084,60.38,687.52,-1489.13,
Daniel,P,"July 11, 1962",93,"500 W. University Ave, El Paso, TX 79968",(915) 747-5056,P*Daniel!987,1092,2092,3092,431.59,3082.6,-108.8,
Federico,Marin,"November 25, 1937",53,"500 W. University Ave, El Paso, TX 79968",(915) 747-5016,Marin*Federico!987,1052,2052,3052,4127.93,1846.67,-1375.09,
Prince,Eric,"December 9, 1999",31,"1313 Disneyland Dr, Anaheim, CA 92802",(714) 781-4636,Eric*Prince!987,1030,2030,3030,989.43,568.25,-1957.66,
Daniel,D,"May 4, 2005",82,"500 W. University Ave, El Paso, TX 79968",(915) 747-5045,D*Daniel!987,1081,2081,3081,1834.01,1383.53,-797.57,
Jafar,Aladdin,"August 3, 1963",18,"1313 Disneyland Dr, Anaheim, CA 92802",(714) 781-4636,Aladdin*Jafar!987,1017,2017,3017,909.56,1419.37,-1070.89,
Minnie,Mouse,"February 10, 2004",3,"1313 Disneyland Dr, Anaheim, CA 92802",(714) 781-4636,Mouse*Minnie!987,1002,2002,3002,1543.8,2349.49,-1171.08,
Laura,Blanco,"July 12, 2002",64,"500 W. University Ave, El Paso, TX 79968",(915) 747-5027,Blanco*Laura!987,1063,2063,3063,4061.3,3320.44,-1855.39,
Yulianna,Torres,"April 28, 1931",75,"500 W. University Ave, El Paso, TX 79968",(915) 747-5038,Torres*Yulianna!987,1074,2074,3074,4433.45,1408.53,-1488.6,
Cruella,De Vil,"December 1, 1969",22,"1313 Disneyland Dr, Anaheim, CA 92802",(714) 781-4636,De Vil*Cruella!987,1021,2021,3021,1003.48,3412.32,-1126.21,
Beast,Disney,"April 13, 1940",20,"1313 Disneyland Dr, Anaheim, CA 92802",(714) 781-4636,Disney*Beast!987,1019,2019,3019,1603.33,4477.4,-415.35,
Stitch,Disney,"January 27, 2006",36,"1313 Disneyland Dr, Anaheim, CA 92802",(714) 781-4636,Disney*Stitch!987,1035,2035,3035,1655.14,4674.94,-70.22,
Simba,King,"July 2, 1955",24,"1313 Disneyland Dr, Anaheim, CA 92802",(714) 781-4636,King*Simba!987,1023,2023,3023,1283.3,4909.17,-745.46,
Daniel,N,"October 11, 1985",91,"500 W. University Ave, El Paso, TX 79968",(915) 747-5054,N*Daniel!987,1090,2090,3090,934.78,46.5,-430.92,
Chip,Disney,"May 31, 1991",6,"1313 Disneyland Dr, Anaheim, CA 92802",(714) 781-4636,Disney*Chip!987,1005,2005,3005,309.85,4765.72,-1492.6,
Jose,Rodriguez Ortega,"January 8, 1976",59,"500 W. University Ave, El Paso, TX 79968",(915) 747-5022,Rodriguez Ortega*Jose!987,1058,2058,3058,5569.99,2613.96,-395.54,
Daniel,H,"November 23, 1983",86,"500 W. University Ave, El Paso, TX 79968",(915) 747-5049,H*Daniel!987,1085,2085,3085,631.44,1350.97,-1452.33,
David,Baptiste,"January 28, 2012",48,"500 W. University Ave, El Paso, TX 79968",(915) 747-5011,Baptiste*David!987,1047,2047,3047,4177.56,2172.75,-170.16,
Dafne,Bencomo,"April 14, 2006",47,"500 W. University Ave, El Paso, TX 79968",(915) 747-5010,Bencomo*Dafne!987,1046,2046,3046,5793.3,4605.41,-1635.14,
Joseph,Medina - Sandoval,"September 14, 1939",60,"500 W. University Ave, El Paso, TX 79968",(915) 747-5023,Medina - Sandoval*Joseph!987,1059,2059,3059,5531.16,238.05,-34.75,
Daniel,Q,"November 10, 1963",94,"500 W. University Ave, El Paso, TX 79968",(915) 747-5057,Q*Daniel!987,1093,2093,3093,1410.88,1409.1,-1948.78,
Daniel,V,"November 30, 1936",99,"500 W. University Ave, El Paso, TX 79968",(915) 747-5062,V*Daniel!987,1098,2098,3098,1523.98,880.85,-985.38,
Buzz,Lightyear,"March 30, 1936",17,"1313 Disneyland Dr, Anaheim, CA 92802",(714) 781-4636,Lightyear*Buzz!987,1016,2016,3016,934.58,2391.47,-76.32,
Scar,Lion,"February 21, 1986",23,"1313 Disneyland Dr, Anaheim, CA 92802",(714) 781-4636,Lion*Scar!987,1022,2022,3022,1884.73,3750.18,-346.6,
Lilo,Disney,"November 29, 1973",35,"1313 Disneyland Dr, Anaheim, CA 92802",(714) 781-4636,Disney*Lilo!987,1034,2034,3034,1279.22,165.81,-1662.06,
Estevan,Ramos,"April 19, 2008",52,"500 W. University Ave, El Paso, TX 79968",(915) 747-5015,Ramos*Estevan!987,1051,2051,3051,5075.77,2408.37,-1000.93,
Mulan,Disney,"December 10, 1964",34,"1313 Disneyland Dr, Anaheim, CA 92802",(714) 781-4636,Disney*Mulan!987,1033,2033,3033,508.85,1239.74,-1608.84,
Juan,Gutierrez,"August 13, 1955",61,"500 W. University Ave, El Paso, TX 79968",(915) 747-5024,Gutierrez*Juan!987,1060,2060,3060,5460.26,378.24,-482.98,
Judith,Garcia,"June 5, 1929",63,"500 W. University Ave, El Paso, TX 79968",(915) 747-5026,Garcia*Judith!987,1062,2062,3062,4406.32,1663.42,-130.6,
Simba,Disney,"May 11, 1971",12,"1313 Disneyland Dr, Anaheim, CA 92802",(714) 781-4636,Disney*Simba!987,1011,2011,3011,1156.12,2369.88,-332.46,
Jasmine,Disney,"January 29, 1961",10,"1313 Disneyland Dr, Anaheim, CA 92802",(714) 781-4636,Disney*Jasmine!987,1009,2009,3009,549.42,1044.89,-1494.13,
Cinderella,Disney,"August 11, 1999",8,"1313 Disneyland Dr, Anaheim, CA 92802",(714) 781-4636,Disney*Cinderella!987,1007,2007,3007,1449.52,4414.21,-1921.81,
Isaiah,Landin,"July 2, 1936",58,"500 W. University Ave, El Paso, TX 79968",(915) 747-5021,Landin*Isaiah!987,1057,2057,3057,5813.41,1337.82,-1920.67,
Pluto,Disney,"February 14, 1962",5,"1313 Disneyland Dr, Anaheim, CA 92802",(714) 781-4636,Disney*Pluto!987,1004,2004,3004,1907.99,671.5,-1244.77,
Manuel,Ruvalcaba,"June 7, 1948",68,"500 W. University Ave, El Paso, TX 79968",(915) 747-5031,Ruvalcaba*Manuel!987,1067,2067,3067,5758.07,1201.74,-610.95,
Daniel,X,"August 16, 1951",101,"500 W. University Ave, El Paso, TX 79968",(915) 747-5064,X*Daniel!987,1100,2100,3100,705.77,2155.03,-1356.79,
Daniel,E,"September 12, 2005",83,"500 W. University Ave, El Paso, TX 79968",(915) 747-5046,E*Daniel!987,1082,2082,3082,1389.55,2672.62,-1008.78,
Gildardo,Orea,"April 11, 2011",55,"500 W. University Ave, El Paso, TX 79968",(915) 747-5018,Orea*Gildardo!987,1054,2054,3054,4630.18,4643.1,-727.8,
Alfredo,Rodriguez,"December 19, 1941",40,"500 W. University Ave, El Paso, TX 79968",(915) 747-5003,Rodriguez*Alfredo!987,1039,2039,3039,4224.11,3749.19,-107.79,
Daniel,F,"July 17, 1969",84,"500 W. University Ave, El Paso, TX 79968",(915) 747-5047,F*Daniel!987,1083,2083,3083,642.22,3157.65,-335.3,
Shere,Khan,"February 12, 1968",26,"1313 Disneyland Dr, Anaheim, CA 92802",(714) 781-4636,Khan*Shere!987,1025,2025,3025,1500.31,1063.89,-36.73,
Christopher,Reyes,"March 1, 1935",46,"500 W. University Ave, El Paso, TX 79968",(915) 747-5009,Reyes*Christopher!987,1045,2045,3045,4504.35,2537.18,-1444.25,
Brandon,Bustamante,"January 25, 1976",44,"500 W. University Ave, El Paso, TX 79968",(915) 747-5007,Bustamante*Brandon!987,1043,2043,3043,5795.84,1280.27,-1917.73,
Oscar,Decena,"December 8, 2000",71,"500 W. University Ave, El Paso, TX 79968",(915) 747-5034,Decena*Oscar!987,1070,2070,3070,4048.28,2283.65,-1691.48,
Juan,Rabelo,"February 11, 1932",62,"500 W. University Ave, El Paso, TX 79968",(915) 747-5025,Rabelo*Juan!987,1061,2061,3061,5608.37,2557.62,-869.24,
Goofy,Disney,"November 8, 1942",4,"1313 Disneyland Dr, Anaheim, CA 92802",(714) 781-4636,Disney*Goofy!987,1003,2003,3003,1237.62,4139.35,-1113.72,
Daniel,O,"November 23, 1964",92,"500 W. University Ave, El Paso, TX 79968",(915) 747-5055,O*Daniel!987,1091,2091,3091,450.69,1340.01,-1643.71,
Ervey,Montes,"September 2, 1954",51,"500 W. University Ave, El Paso, TX 79968",(915) 747-5014,Montes*Ervey!987,1050,2050,3050,4159.91,734.34,-492.33,
Roberto,Carrasco,"March 1, 1941",73,"500 W. University Ave, El Paso, TX 79968",(915) 747-5036,Carrasco*Roberto!987,1072,2072,3072,5047.3,334.38,-1270.87,
Belle,Disney,"July 25, 2018",21,"1313 Disneyland Dr, Anaheim, CA 92802",(714) 781-4636,Disney*Belle!987,1020,2020,3020,1541.71,1062.77,-25.98,
Alex,Avila,"November 9, 1977",38,"500 W. University Ave, El Paso, TX 79968",(915) 747-5001,Avila*Alex!987,1037,2037,3037,5653.15,1260.59,-84.16,
Gaston,Disney,"January 20, 1928",25,"1313 Disneyland Dr, Anaheim, CA 92802",(714) 781-4636,Disney*Gaston!987,1024,2024,3024,1890.74,3544.03,-715.12,
Derek,Aguirre,"October 3, 2002",49,"500 W. University Ave, El Paso, TX 79968",(915) 747-5012,Aguirre*Derek!987,1048,2048,3048,4456.1,2698.03,-289.25,
Ariel,Disney,"January 27, 2017",9,"1313 Disneyland Dr, Anaheim, CA 92802",(714) 781-4636,Disney*Ariel!987,1008,2008,3008,1825.83,1559.65,-29.68,
Daniel,U,"April 30, 1995",98,"500 W. University Ave, El Paso, TX 79968",(915) 747-5061,U*Daniel!987,1097,2097,3097,1994.43,2413.41,-1465.75,
Daniel,R,"August 24, 1940",95,"500 W. University Ave, El Paso, TX 79968",(915) 747-5058,R*Daniel!987,1094,2094,3094,1576.71,3974.81,-1628.73,
Daniel,Y,"February 5, 1971",102,"500 W. University Ave, El Paso, TX 79968",(915) 747-5065,Y*Daniel!987,1101,2101,3101,1837.23,940.67,-629.01,
Mickey,Mouse,"October 8, 1971",1,"1313 Disneyland Dr, Anaheim, CA 92802",(714) 781-4636,Mouse*Mickey!987,1000,2000,3000,1665.48,4424.91,-1201.49,
Gavin,Baechle,"March 29, 1971",54,"500 W. University Ave, El Paso, TX 79968",(915) 747-5017,Baechle*Gavin!987,1053,2053,3053,4373.72,4232.8,-85.83,
Alfonso,Beltran,"December 15, 1996",39,"500 W. University Ave, El Paso, TX 79968",(915) 747-5002,Beltran*Alfonso!987,1038,2038,3038,5056.32,3762.61,-1085.79,
Arae,Zarzosa,"March 30, 1945",43,"500 W. University Ave, El Paso, TX 79968",(915) 747-5006,Zarzosa*Arae!987,1042,2042,3042,4294.64,123.79,-1386.5,
Daniel,C,"June 3, 1978",81,"500 W. University Ave, El Paso, TX 79968",(915) 747-5044,C*Daniel!987,1080,2080,3080,293.11,1914.52,-1028.24,
Pinocchio,Disney,"June 29, 2003",30,"1313 Disneyland Dr, Anaheim, CA 92802",(714) 781-4636,Disney*Pinocchio!987,1029,2029,3029,50.2,3018.8,-1143.21,
Daniel,W,"February 25, 1998",100,"500 W. University Ave, El Paso, TX 79968",(915) 747-5063,W*Daniel!987,1099,2099,3099,14.93,31.31,-1761.2,
Alberto,Miranda,"February 4, 1960",37,"500 W. University Ave, El Paso, TX 79968",(915) 747-5000,Miranda*Alberto!987,1036,2036,3036,5753.97,242.43,-1209.59,
Quasimodo,Disney,"February 3, 1953",32,"1313 Disneyland Dr, Anaheim, CA 92802",(714) 781-4636,Disney*Quasimodo!987,1031,2031,3031,1751.79,3280.58,-1624.16,
1,1,1,104,1,1,1,1103,2103,-1,11.0,100.0,1.0,