First Name,Last Name,Date Of Birth,Identification Number,Address,Phone Number,Checking Account Number,Savings Account Number,Credit Account Number,Checking Updated Balance,Savings Updated Balance,Credit Updated Balance
Mickey,Mouse,22-Nov-43,000-00-0001,"1313 Disneyland Dr, Anaheim, CA 92802",(714) 781-4636,1000,2000,3000,960.94,3845.93,-1549.33
Donald,Duck,5-Sep-83,000-00-0002,"1313 Disneyland Dr, Anaheim, CA 92802",(714) 781-4636,1001,2001,3001,14033.89,1731.09,-986.23
Minnie,Mouse,9-Apr-10,000-00-0003,"1313 Disneyland Dr, Anaheim, CA 92802",(714) 781-4636,1002,2002,3002,56494.36,676.12,-459.78
Goofy,Disney,2-Jul-33,000-00-0004,"1313 Disneyland Dr, Anaheim, CA 92802",(714) 781-4636,1003,2003,3003,58821.85,2372153.16,-752.22
Pluto,Disney,5-Jul-41,000-00-0005,"1313 Disneyland Dr, Anaheim, CA 92802",(714) 781-4636,1004,2004,3004,1456873.56,4.54E+07,-411.84
Chip,Disney,12-Jan-47,000-00-0006,"1313 Disneyland Dr, Anaheim, CA 92802",(714) 781-4636,1005,2005,3005,553417.3,576740.32,-1492.58
Dale,Disney,28-Nov-30,000-00-0007,"1313 Disneyland Dr, Anaheim, CA 92802",(714) 781-4636,1006,2006,3006,1.24E+09,248286.11,-1775.92
Cinderella,Disney,14-Nov-77,000-00-0008,"1313 Disneyland Dr, Anaheim, CA 92802",(714) 781-4636,1007,2007,3007,124613.07,238132.42,-1039.75
Ariel,Disney,15-Sep-32,000-00-0009,"1313 Disneyland Dr, Anaheim, CA 92802",(714) 781-4636,1008,2008,3008,19.45,3091.05,-113.11
Jasmine,Disney,20-Sep-32,000-00-0010,"1313 Disneyland Dr, Anaheim, CA 92802",(714) 781-4636,1009,2009,3009,1745.05,4135.41,-1456.51
Aladdin,Disney,9-Nov-92,000-00-0011,"1313 Disneyland Dr, Anaheim, CA 92802",(714) 781-4636,1010,2010,3010,699.52,3517.98,-464.05
Simba,Disney,25-Jul-34,000-00-0012,"1313 Disneyland Dr, Anaheim, CA 92802",(714) 781-4636,1011,2011,3011,1566.61,1570.65,-980.76
Mufassa,Disney,29-Jul-65,000-00-0013,"1313 Disneyland Dr, Anaheim, CA 92802",(714) 781-4636,1012,2012,3012,958.83,3483.09,-1918.16
Aurora,Disney,21-Jan-37,000-00-0014,"1313 Disneyland Dr, Anaheim, CA 92802",(714) 781-4636,1013,2013,3013,1396.14,1644.06,-271.98
Peter,Pan,11-Nov-73,000-00-0015,"1313 Disneyland Dr, Anaheim, CA 92802",(714) 781-4636,1014,2014,3014,1817.07,1405.99,-307.82
Woody,Disney,2-Jul-90,000-00-0016,"1313 Disneyland Dr, Anaheim, CA 92802",(714) 781-4636,1015,2015,3015,1486.52,3904.7,-1610.58
Buzz,Lightyear,5-Jun-03,000-00-0017,"1313 Disneyland Dr, Anaheim, CA 92802",(714) 781-4636,1016,2016,3016,1969.33,3035.22,-481.38
Jafar,Aladdin,11-Dec-95,000-00-0018,"1313 Disneyland Dr, Anaheim, CA 92802",(714) 781-4636,1017,2017,3017,803.62,3034.57,-1822.07
Ursela,Mermaid,9-Jan-37,000-00-0019,"1313 Disneyland Dr, Anaheim, CA 92802",(714) 781-4636,1018,2018,3018,855.38,2398.88,-250.54
Beast,Disney,29-Aug-69,000-00-0020,"1313 Disneyland Dr, Anaheim, CA 92802",(714) 781-4636,1019,2019,3019,682.79,168.04,-128.34
Belle,Disney,6-Sep-28,000-00-0021,"1313 Disneyland Dr, Anaheim, CA 92802",(714) 781-4636,1020,2020,3020,403.9,1412.94,-391.33
Cruella,De Vil,22-Sep-96,000-00-0022,"1313 Disneyland Dr, Anaheim, CA 92802",(714) 781-4636,1021,2021,3021,966.03,4079.2,-69.18
Scar,Lion,18-Jun-17,000-00-0023,"1313 Disneyland Dr, Anaheim, CA 92802",(714) 781-4636,1022,2022,3022,344.68,3510.62,-311.93
Simba,King,13-Mar-18,000-00-0024,"1313 Disneyland Dr, Anaheim, CA 92802",(714) 781-4636,1023,2023,3023,1624.91,3397.5,-211.95
Gaston,Disney,11-Jul-43,000-00-0025,"1313 Disneyland Dr, Anaheim, CA 92802",(714) 781-4636,1024,2024,3024,1181.1,414.81,-1403.22
Shere,Khan,15-Sep-62,000-00-0026,"1313 Disneyland Dr, Anaheim, CA 92802",(714) 781-4636,1025,2025,3025,1972.54,3912.97,-714.46
Captaiin,Hook,6-Dec-71,000-00-0027,"1313 Disneyland Dr, Anaheim, CA 92802",(714) 781-4636,1026,2026,3026,997.05,1425.77,-1869.37
Kaa,Disney,10-Nov-61,000-00-0028,"1313 Disneyland Dr, Anaheim, CA 92802",(714) 781-4636,1027,2027,3027,1084.34,4665.51,-1979.55
Evil,Queen,18-Feb-81,000-00-0029,"1313 Disneyland Dr, Anaheim, CA 92802",(714) 781-4636,1028,2028,3028,955.49,4205.99,-1858.65
Pinocchio,Disney,3-Jul-41,000-00-0030,"1313 Disneyland Dr, Anaheim, CA 92802",(714) 781-4636,1029,2029,3029,1.00E+19,5.13E+07,-92.12
Prince,Eric,28-Sep-53,000-00-0031,"1313 Disneyland Dr, Anaheim, CA 92802",(714) 781-4636,1030,2030,3030,114.21,1978.53,-1016.1
Quasimodo,Disney,4-Nov-89,000-00-0032,"1313 Disneyland Dr, Anaheim, CA 92802",(714) 781-4636,1031,2031,3031,1206.59,4790.61,-1975.11
Hercules,Disney,14-Feb-66,000-00-0033,"1313 Disneyland Dr, Anaheim, CA 92802",(714) 781-4636,1032,2032,3032,668.7,1602.05,-1767.56
Mulan,Disney,6-Jul-66,000-00-0034,"1313 Disneyland Dr, Anaheim, CA 92802",(714) 781-4636,1033,2033,3033,1096.88,285.32,-1441.93
Lilo,Disney,21-Sep-69,000-00-0035,"1313 Disneyland Dr, Anaheim, CA 92802",(714) 781-4636,1034,2034,3034,1844.34,146.14,-1790.21
Stitch,Disney,20-Jan-54,000-00-0036,"1313 Disneyland Dr, Anaheim, CA 92802",(714) 781-4636,1035,2035,3035,341.33,1858.86,-35.2
